index;Decision;Rationale;URL;web_url
0;trigger wakeup key events;ACPI: button;https://api.github.com/repos/torvalds/linux/git/commits/16f70feaabe9fde0af703f2991d44a7589f0b6e3;https://github.com/torvalds/linux/commit/16f70feaabe9fde0af703f2991d44a7589f0b6e3
1;Use different notify handlers for lid and buttons  ;differentiate between lid and buttons;https://api.github.com/repos/torvalds/linux/git/commits/e4e62d5fd8ecb0ea4174afda654432927d248a8a;https://github.com/torvalds/linux/commit/e4e62d5fd8ecb0ea4174afda654432927d248a8a
2;Introduce acpi_lid_notify();lid handling in acpi_button_notify() is special;https://api.github.com/repos/torvalds/linux/git/commits/e4e62d5fd8ecb0ea4174afda654432927d248a8a;https://github.com/torvalds/linux/commit/e4e62d5fd8ecb0ea4174afda654432927d248a8a
4;Driver core needs no inform from callee(bus driver) about the result of remove callback;increases separation of concerns;https://api.github.com/repos/torvalds/linux/git/commits/6c0eb5ba3500f6da367351ff3c4452c029cb72fa;https://github.com/torvalds/linux/commit/6c0eb5ba3500f6da367351ff3c4452c029cb72fa
6;fix some coding style issues;fix some coding style issues;https://api.github.com/repos/torvalds/linux/git/commits/effbe6404e6c1cccaa351a50f1d431f83b34d9a5;https://github.com/torvalds/linux/commit/effbe6404e6c1cccaa351a50f1d431f83b34d9a5
7;Fix some coding style issues reported by checkpatch.pl;including the following types;https://api.github.com/repos/torvalds/linux/git/commits/effbe6404e6c1cccaa351a50f1d431f83b34d9a5;https://github.com/torvalds/linux/commit/effbe6404e6c1cccaa351a50f1d431f83b34d9a5
8;code indent should use tabs where possible;to maintain consistency and follow coding standards;https://api.github.com/repos/torvalds/linux/git/commits/effbe6404e6c1cccaa351a50f1d431f83b34d9a5;https://github.com/torvalds/linux/commit/effbe6404e6c1cccaa351a50f1d431f83b34d9a5
9;Clean up printing messages;ACPI button;https://api.github.com/repos/torvalds/linux/git/commits/411e3216d4ee7e3c25c365b0d09e18f7798d705a;https://github.com/torvalds/linux/commit/411e3216d4ee7e3c25c365b0d09e18f7798d705a
10;replace the direct printk() invocations with pr_info() and drop the unneeded PREFIX symbol definition from battery.c;changes the excessive log level for some of them too;https://api.github.com/repos/torvalds/linux/git/commits/411e3216d4ee7e3c25c365b0d09e18f7798d705a;https://github.com/torvalds/linux/commit/411e3216d4ee7e3c25c365b0d09e18f7798d705a
12;"Remove the "" MD60198"" part from the E2215T quirk";the MD60### part of the model number differs per country/batch while all of the E2215T and E2228T models have this issue;https://api.github.com/repos/torvalds/linux/git/commits/7daaa06357bf7f1874b62bb1ea9d66a51d4e567e;https://github.com/torvalds/linux/commit/7daaa06357bf7f1874b62bb1ea9d66a51d4e567e
13;Drop no longer necessary Acer SW5-012 lid_init_state quirk;no longer necessary;https://api.github.com/repos/torvalds/linux/git/commits/136a4dfe87cd34db2153330aa84dbbc210eb36b6;https://github.com/torvalds/linux/commit/136a4dfe87cd34db2153330aa84dbbc210eb36b6
14;"Commit 78a5b53e9fb4 (""Input: soc_button_array - work around DSDTs which modify the irqflags"") adds a workaround for DSDTs with a _LID method which play tricks with the irqflags";assuming that the OS is using an irq-type of IRQ_TYPE_LEVEL_LOW;https://api.github.com/repos/torvalds/linux/git/commits/136a4dfe87cd34db2153330aa84dbbc210eb36b6;https://github.com/torvalds/linux/commit/136a4dfe87cd34db2153330aa84dbbc210eb36b6
15;we no longer need to disable the lid functionality on the Acer SW5-012;Now that this workaround is in place;https://api.github.com/repos/torvalds/linux/git/commits/136a4dfe87cd34db2153330aa84dbbc210eb36b6;https://github.com/torvalds/linux/commit/136a4dfe87cd34db2153330aa84dbbc210eb36b6
16;fix handling lid state changes when input device closed;-;https://api.github.com/repos/torvalds/linux/git/commits/21988a8e51479ceffe7b0568b170effabb708dfe;https://github.com/torvalds/linux/commit/21988a8e51479ceffe7b0568b170effabb708dfe
17;Let's ensure that state updates happen even if userspace closed (or in the future inhibited) input device;state updates happen even if userspace closed (or in the future inhibited) input device;https://api.github.com/repos/torvalds/linux/git/commits/21988a8e51479ceffe7b0568b170effabb708dfe;https://github.com/torvalds/linux/commit/21988a8e51479ceffe7b0568b170effabb708dfe
19;Replace the existing /* fall through */ comments and its variants with the new pseudo-keyword macro fallthrough;[1];https://api.github.com/repos/torvalds/linux/git/commits/57d2dd4bd18b1378b3bc0b6b2b8b858deb6c2fa7;https://github.com/torvalds/linux/commit/57d2dd4bd18b1378b3bc0b6b2b8b858deb6c2fa7
20;Remove unnecessary fall-through markings  ;when it is the case;https://api.github.com/repos/torvalds/linux/git/commits/57d2dd4bd18b1378b3bc0b6b2b8b858deb6c2fa7;https://github.com/torvalds/linux/commit/57d2dd4bd18b1378b3bc0b6b2b8b858deb6c2fa7
21;Delete unused proc filename macros;unused;https://api.github.com/repos/torvalds/linux/git/commits/a10660f7788bcb1229534cd1aa57a8f4b36cfe74;https://github.com/torvalds/linux/commit/a10660f7788bcb1229534cd1aa57a8f4b36cfe74
22;Drop no longer necessary Asus T200TA lid_init_state quirk;no longer necessary;https://api.github.com/repos/torvalds/linux/git/commits/2b6022a32e1c6e740a5929951d9d8cbed3b162b1;https://github.com/torvalds/linux/commit/2b6022a32e1c6e740a5929951d9d8cbed3b162b1
23;drop the quirk  ;the lid_init_state=ACPI_BUTTON_LID_INIT_OPEN quirk for the Asus T200TA is no longer necessary, the lid now works properly without it;https://api.github.com/repos/torvalds/linux/git/commits/2b6022a32e1c6e740a5929951d9d8cbed3b162b1;https://github.com/torvalds/linux/commit/2b6022a32e1c6e740a5929951d9d8cbed3b162b1
24;"Fixes: 17e5888e4e18 (""x86: Select HARDIRQS_SW_RESEND on x86"")";"(""x86: Select HARDIRQS_SW_RESEND on x86"")";https://api.github.com/repos/torvalds/linux/git/commits/2b6022a32e1c6e740a5929951d9d8cbed3b162b1;https://github.com/torvalds/linux/commit/2b6022a32e1c6e740a5929951d9d8cbed3b162b1
25;"
The problem here is the accesses to the PBCG and HMCG
";"
these are the pinconf0 registers for the power";https://api.github.com/repos/torvalds/linux/git/commits/90ed9c639c1b53556f87b1c5031c7e4c57285a92;https://github.com/torvalds/linux/commit/90ed9c639c1b53556f87b1c5031c7e4c57285a92
26;adds the BYT_TRIG_LVL flag to this;so now it is turned into a level interrupt which fires both when low and high, iow it simply always fires leading to an interrupt storm, the tablet immediately waking up from suspend again, etc;https://api.github.com/repos/torvalds/linux/git/commits/90ed9c639c1b53556f87b1c5031c7e4c57285a92;https://github.com/torvalds/linux/commit/90ed9c639c1b53556f87b1c5031c7e4c57285a92
28;This commit adds a quirk for this;as no lid-switch function is better then the interrupt storm;https://api.github.com/repos/torvalds/linux/git/commits/90ed9c639c1b53556f87b1c5031c7e4c57285a92;https://github.com/torvalds/linux/commit/90ed9c639c1b53556f87b1c5031c7e4c57285a92
30;Remove unused acpi_lid_notifier_[un]register() functions;unused;https://api.github.com/repos/torvalds/linux/git/commits/e346d0cf2c0a2dc9e63d5b90824bbe5ac0cc43e2;https://github.com/torvalds/linux/commit/e346d0cf2c0a2dc9e63d5b90824bbe5ac0cc43e2
32;Setting lid_init_state to ACPI_BUTTON_LID_INIT_OPEN on the T200TA  ;fixes the unwanted behavior, adds a DMI based quirk;https://api.github.com/repos/torvalds/linux/git/commits/00e250367cc6c4ab80fea6ec605d464e624bd520;https://github.com/torvalds/linux/commit/00e250367cc6c4ab80fea6ec605d464e624bd520
34; the lid_init_state selection needs to be set to ACPI_BUTTON_LID_INIT_OPEN  ;In order for the Linux LID code to work properly with this implementation;https://api.github.com/repos/torvalds/linux/git/commits/932e1ba486117de2fcea3df27ad8218ad6c11470;https://github.com/torvalds/linux/commit/932e1ba486117de2fcea3df27ad8218ad6c11470
35;Turn lid_blacklst DMI table into a generic quirk table;ACPI: button;https://api.github.com/repos/torvalds/linux/git/commits/d7cd08231a7fafb0d81786515527651d3242a7f4;https://github.com/torvalds/linux/commit/d7cd08231a7fafb0d81786515527651d3242a7f4
37;"Add a new ""disabled"" value for the lid_init_state module option";can be used to disable LID support on devices where it is completely broken;https://api.github.com/repos/torvalds/linux/git/commits/593681e2c75f59f23cf6f6cefc4f00cae2a4522b;https://github.com/torvalds/linux/commit/593681e2c75f59f23cf6f6cefc4f00cae2a4522b
38;re-using the existing option;keeps things simple and it will make it much easier to add DMI quirks which can either disable the LID completely or set another non-default lid_init_state value, both of which are necessary on some devices;https://api.github.com/repos/torvalds/linux/git/commits/593681e2c75f59f23cf6f6cefc4f00cae2a4522b;https://github.com/torvalds/linux/commit/593681e2c75f59f23cf6f6cefc4f00cae2a4522b
39;[ an action or a change that has been made, including a description of the patch behaviour ];[ the reason for a decision or value judgment ];https://api.github.com/repos/torvalds/linux/git/commits/065bd4d35b3fb4484c61fc40a51eeffd5abe52e8;https://github.com/torvalds/linux/commit/065bd4d35b3fb4484c61fc40a51eeffd5abe52e8
40;update Lid state unconditionally in the button driver .resume() callback  ;overlooked the resume case;https://api.github.com/repos/torvalds/linux/git/commits/13e962140be671f31a011543f11477af67a6c33e;https://github.com/torvalds/linux/commit/13e962140be671f31a011543f11477af67a6c33e
42;Fix an issue in button.lid_init_state=ignore mode;Reported-and-tested-by: Zhao Lijian <lijian.zhao@intel.com>;https://api.github.com/repos/torvalds/linux/git/commits/13e962140be671f31a011543f11477af67a6c33e;https://github.com/torvalds/linux/commit/13e962140be671f31a011543f11477af67a6c33e
44;Fix a build warning in the ACPI button driver when CONFIG_PROC_FS is not enabled by marking the unused function as __maybe_unused;not enabled, unused;https://api.github.com/repos/torvalds/linux/git/commits/2c4c2a71bd6f75c3982ac09407889b110673ac83;https://github.com/torvalds/linux/commit/2c4c2a71bd6f75c3982ac09407889b110673ac83
45;Increment wakeup count only when notified;-;https://api.github.com/repos/torvalds/linux/git/commits/7c058c7c74b3dbeb7d157c273959f87faf710350;https://github.com/torvalds/linux/commit/7c058c7c74b3dbeb7d157c273959f87faf710350
46;only trigger acpi_pm_wakeup_event() in the acpi_button_notify() path and don't do that in the acpi_lid_initialize_state() path;To avoid the confusion;https://api.github.com/repos/torvalds/linux/git/commits/7c058c7c74b3dbeb7d157c273959f87faf710350;https://github.com/torvalds/linux/commit/7c058c7c74b3dbeb7d157c273959f87faf710350
47;Variants of proc_create{,_data} that directly take a seq_file show callback;drastically reduces the boilerplate code in the callers;https://api.github.com/repos/torvalds/linux/git/commits/3f3942aca6da351a12543aa776467791b63b3a78;https://github.com/torvalds/linux/commit/3f3942aca6da351a12543aa776467791b63b3a78
48;making the ACPI button driver loadable as a module even if not booted in ACPI mode;to fix the asymmetry and provide the acpi_lid_open() symbol;https://api.github.com/repos/torvalds/linux/git/commits/ac1e55b1fdb27c1b07a0a6fe519f1291ff1e7d40;https://github.com/torvalds/linux/commit/ac1e55b1fdb27c1b07a0a6fe519f1291ff1e7d40
49;"The only solution is to add a DMI based blacklist and ignore the LID device on these tablets.
";There is nothing the ACPI button driver (or the gpio code) can do to fix this.;https://api.github.com/repos/torvalds/linux/git/commits/9e811e19a7aca16d40e1ce0c68e9bbffea1b9810;https://github.com/torvalds/linux/commit/9e811e19a7aca16d40e1ce0c68e9bbffea1b9810
50;evemu-record after noticing a spurious suspend is too late to detect;a LID closed event is the (probable) cause of this;https://api.github.com/repos/torvalds/linux/git/commits/ae35d656d796fa203787455ce59874c6682dc0cf;https://github.com/torvalds/linux/commit/ae35d656d796fa203787455ce59874c6682dc0cf
51;adds an acpi_handle_debug call  ;to help debugging this;https://api.github.com/repos/torvalds/linux/git/commits/ae35d656d796fa203787455ce59874c6682dc0cf;https://github.com/torvalds/linux/commit/ae35d656d796fa203787455ce59874c6682dc0cf
52;Fix function prototypes for module_param_call();-;https://api.github.com/repos/torvalds/linux/git/commits/e4dca7b7aa08b22893c45485d222b5807c1375ae;https://github.com/torvalds/linux/commit/e4dca7b7aa08b22893c45485d222b5807c1375ae
53;fix whitespace in pr_fmt() to align log entries;align log entries;https://api.github.com/repos/torvalds/linux/git/commits/b6aeab44ed387e5264d2969bc7deee993b29a515;https://github.com/torvalds/linux/commit/b6aeab44ed387e5264d2969bc7deee993b29a515
54;The ->sync hook allows all of the relevant event queues to be flushed;to prevent events from being missed due to race conditions;https://api.github.com/repos/torvalds/linux/git/commits/33e4f80ee69b5168badf37edbfed796eb48434b9;https://github.com/torvalds/linux/commit/33e4f80ee69b5168badf37edbfed796eb48434b9
56;"the ""open"" choice is worse";"the ""method"" operation mode implementation can be buggy on some platforms";https://api.github.com/repos/torvalds/linux/git/commits/878d8db039daac0938238e9a40a5bd6e50ee3c9b;https://github.com/torvalds/linux/commit/878d8db039daac0938238e9a40a5bd6e50ee3c9b
57;It breaks docking stations basically;there is no way to have a user-space hwdb to fix that;https://api.github.com/repos/torvalds/linux/git/commits/878d8db039daac0938238e9a40a5bd6e50ee3c9b;https://github.com/torvalds/linux/commit/878d8db039daac0938238e9a40a5bd6e50ee3c9b
58;libinput (1.7.0+) can fix the state of the lid switch for us: you need to set the udev property LIBINPUT_ATTR_LID_SWITCH_RELIABILITY to 'write_open';can fix the state of the lid switch for us;https://api.github.com/repos/torvalds/linux/git/commits/878d8db039daac0938238e9a40a5bd6e50ee3c9b;https://github.com/torvalds/linux/commit/878d8db039daac0938238e9a40a5bd6e50ee3c9b
59;assume the user will use the internal keyboard before this timeout expires;logind only checks the lid switch value after a timeout;https://api.github.com/repos/torvalds/linux/git/commits/878d8db039daac0938238e9a40a5bd6e50ee3c9b;https://github.com/torvalds/linux/commit/878d8db039daac0938238e9a40a5bd6e50ee3c9b
60;"userspace requires to see ""close"" event after the system is resumed";so that it can determine whether the internal display should remain dark and the external display should be lit on;https://api.github.com/repos/torvalds/linux/git/commits/f369fdf4f661322b73f3307e9f3cd55fb3a20123;https://github.com/torvalds/linux/commit/f369fdf4f661322b73f3307e9f3cd55fb3a20123
61;Reversion of button.lid_init_state=method;doing so can enter a regression loop, but facilitates users to work the reported regressions around with;https://api.github.com/repos/torvalds/linux/git/commits/f369fdf4f661322b73f3307e9f3cd55fb3a20123;https://github.com/torvalds/linux/commit/f369fdf4f661322b73f3307e9f3cd55fb3a20123
62;Remove lid_init_state=method mode;Fixes: ecb10b694b72 (ACPI / button: Remove lid_init_state=method mode);https://api.github.com/repos/torvalds/linux/git/commits/f369fdf4f661322b73f3307e9f3cd55fb3a20123;https://github.com/torvalds/linux/commit/f369fdf4f661322b73f3307e9f3cd55fb3a20123
63;The ->sync hook allows all of the relevant event queues to be flushed;to prevent events from being missed due to race conditions;https://api.github.com/repos/torvalds/linux/git/commits/eed4d47efe9508b855b09754cf6de4325d8a2f0d;https://github.com/torvalds/linux/commit/eed4d47efe9508b855b09754cf6de4325d8a2f0d
64;This patch makes it deprecated;lid_init__state=open is more useful than this mode;https://api.github.com/repos/torvalds/linux/git/commits/ecb10b694b72ca5ea51b3c90a71ff2a11963425a;https://github.com/torvalds/linux/commit/ecb10b694b72ca5ea51b3c90a71ff2a11963425a
65;have a separate patch to make lid_init_state=method deprecated  ;lid_init_state=method is buggy;https://api.github.com/repos/torvalds/linux/git/commits/77e9a4aa9de10cc1418bf9a892366988802a8025;https://github.com/torvalds/linux/commit/77e9a4aa9de10cc1418bf9a892366988802a8025
67;This patch adds a mechanism to insert lid events as a compensation for the platform triggered ones to form a complete event switches  ;in order to make sure that the platform triggered events can always be reliably delivered to the userspace;https://api.github.com/repos/torvalds/linux/git/commits/dfa46c50f65b6ca10cea389327a6f1f1749bc633;https://github.com/torvalds/linux/commit/dfa46c50f65b6ca10cea389327a6f1f1749bc633
68;it should not send the complement switch event for the unreliable initial lid state notification;However this mechanism is not suitable for lid_init_state=open/method;https://api.github.com/repos/torvalds/linux/git/commits/dfa46c50f65b6ca10cea389327a6f1f1749bc633;https://github.com/torvalds/linux/commit/dfa46c50f65b6ca10cea389327a6f1f1749bc633
69;implements this mechanism  ;only;https://api.github.com/repos/torvalds/linux/git/commits/dfa46c50f65b6ca10cea389327a6f1f1749bc633;https://github.com/torvalds/linux/commit/dfa46c50f65b6ca10cea389327a6f1f1749bc633
70;Use key event type to implement ACPI lid events;Another approach;https://api.github.com/repos/torvalds/linux/git/commits/dfa46c50f65b6ca10cea389327a6f1f1749bc633;https://github.com/torvalds/linux/commit/dfa46c50f65b6ca10cea389327a6f1f1749bc633
71;While using KEY event type, there is no such problem;no such problem;https://api.github.com/repos/torvalds/linux/git/commits/dfa46c50f65b6ca10cea389327a6f1f1749bc633;https://github.com/torvalds/linux/commit/dfa46c50f65b6ca10cea389327a6f1f1749bc633
72;Remove pointer to old lid_sysfs on unbind;ACPI / button;https://api.github.com/repos/torvalds/linux/git/commits/e370cc8640305aa2fa42b852cccd89e80c28d9a0;https://github.com/torvalds/linux/commit/e370cc8640305aa2fa42b852cccd89e80c28d9a0
73;When we removed the procfs dir on error or if the driver is unbound;the two variables acpi_lid_dir and acpi_button_dir were not reset;https://api.github.com/repos/torvalds/linux/git/commits/e370cc8640305aa2fa42b852cccd89e80c28d9a0;https://github.com/torvalds/linux/commit/e370cc8640305aa2fa42b852cccd89e80c28d9a0
74;Correct a wrong macro usage;This patch simplies the code by merging some redundant code;https://api.github.com/repos/torvalds/linux/git/commits/ee7e22653f5077169ec706b5a140a3be9db381e7;https://github.com/torvalds/linux/commit/ee7e22653f5077169ec706b5a140a3be9db381e7
75;this patch stops sending the initial lid state to the userspace;to avoid sending the wrong lid state to the userspace to trigger such kind of wrong suspending;https://api.github.com/repos/torvalds/linux/git/commits/c2dd420034f24f356b86f90222ef19148b82a5c1;https://github.com/torvalds/linux/commit/c2dd420034f24f356b86f90222ef19148b82a5c1
77;There is no need to carry potentially outdated Free Software Foundation mailing address in file headers;since the COPYING file includes it;https://api.github.com/repos/torvalds/linux/git/commits/4c62dbbce902cf2afa88cac89ec67c828160f431;https://github.com/torvalds/linux/commit/4c62dbbce902cf2afa88cac89ec67c828160f431
78;"Mark ACPI buttons (other than the lid) as ""suspended"" during system suspend and report wakeup events on button events";To prevent propagating those events up the stack;https://api.github.com/repos/torvalds/linux/git/commits/e71eeb2a6bcc6282b95215eb353a3ac9ce3e0de3;https://github.com/torvalds/linux/commit/e71eeb2a6bcc6282b95215eb353a3ac9ce3e0de3
79;Add ACPI Button event via netlink routine;-;https://api.github.com/repos/torvalds/linux/git/commits/0bf6368ee8f25826d0645c0f7a4f17c8845356a4;https://github.com/torvalds/linux/commit/0bf6368ee8f25826d0645c0f7a4f17c8845356a4
80;removed ACPI Button event which originally was sent to userspace via /proc/acpi/event;Remove the old /proc/acpi/event interface;https://api.github.com/repos/torvalds/linux/git/commits/0bf6368ee8f25826d0645c0f7a4f17c8845356a4;https://github.com/torvalds/linux/commit/0bf6368ee8f25826d0645c0f7a4f17c8845356a4
81;This caused ACPI shutdown regression on gentoo;VirtualBox;https://api.github.com/repos/torvalds/linux/git/commits/0bf6368ee8f25826d0645c0f7a4f17c8845356a4;https://github.com/torvalds/linux/commit/0bf6368ee8f25826d0645c0f7a4f17c8845356a4
82;add ACPI Button event back via netlink routine;Now ACPI events are sent to userspace via netlink;https://api.github.com/repos/torvalds/linux/git/commits/0bf6368ee8f25826d0645c0f7a4f17c8845356a4;https://github.com/torvalds/linux/commit/0bf6368ee8f25826d0645c0f7a4f17c8845356a4
83;fix button driver compile error when CONFIG_PM_SLEEP is undefined;CONFIG_PM_SLEEP is undefined;https://api.github.com/repos/torvalds/linux/git/commits/2de9fd17c0359fea0c2ab5ae393c40d6d299bcaf;https://github.com/torvalds/linux/commit/2de9fd17c0359fea0c2ab5ae393c40d6d299bcaf
84;compile error;CONFIG_PM_SLEEP is undefined;https://api.github.com/repos/torvalds/linux/git/commits/2de9fd17c0359fea0c2ab5ae393c40d6d299bcaf;https://github.com/torvalds/linux/commit/2de9fd17c0359fea0c2ab5ae393c40d6d299bcaf
85;Fix enabling button GPEs twice;Fix;https://api.github.com/repos/torvalds/linux/git/commits/8eaa29f92a66c92ade1ad663d14d975d776ef492;https://github.com/torvalds/linux/commit/8eaa29f92a66c92ade1ad663d14d975d776ef492
86;Button GPEs have been enabled in the acpi_wake_device_init() during boot;the button driver enables them for the second time;https://api.github.com/repos/torvalds/linux/git/commits/8eaa29f92a66c92ade1ad663d14d975d776ef492;https://github.com/torvalds/linux/commit/8eaa29f92a66c92ade1ad663d14d975d776ef492
87;remove the GPE enabling code from the button driver;to avoid the problem;https://api.github.com/repos/torvalds/linux/git/commits/8eaa29f92a66c92ade1ad663d14d975d776ef492;https://github.com/torvalds/linux/commit/8eaa29f92a66c92ade1ad663d14d975d776ef492
88;Clean up inclusions of ACPI header files;ACPI;https://api.github.com/repos/torvalds/linux/git/commits/8b48463f89429af408ff695244dc627e1acff4f7;https://github.com/torvalds/linux/commit/8b48463f89429af408ff695244dc627e1acff4f7
89;Replace direct inclusions of <acpi/acpi.h>, <acpi/acpi_bus.h> and <acpi/acpi_drivers.h> with <linux/acpi.h> inclusions and remove some inclusions of those files that aren't necessary;incorrect, not necessary;https://api.github.com/repos/torvalds/linux/git/commits/8b48463f89429af408ff695244dc627e1acff4f7;https://github.com/torvalds/linux/commit/8b48463f89429af408ff695244dc627e1acff4f7
90;<acpi/acpi.h>, <acpi/acpi_bus.h> and <acpi/acpi_drivers.h> should not be included directly from any files that are built for CONFIG_ACPI unset;because that generally leads to build warnings about undefined symbols in !CONFIG_ACPI builds;https://api.github.com/repos/torvalds/linux/git/commits/8b48463f89429af408ff695244dc627e1acff4f7;https://github.com/torvalds/linux/commit/8b48463f89429af408ff695244dc627e1acff4f7
92;<acpi/acpi_bus.h> be included prior to <acpi/acpi_drivers.h>;so that the acpi_pci_root declarations the latter depends on are always there;https://api.github.com/repos/torvalds/linux/git/commits/8b48463f89429af408ff695244dc627e1acff4f7;https://github.com/torvalds/linux/commit/8b48463f89429af408ff695244dc627e1acff4f7
93;Use the patch to replace the origin code;provide a better solution;https://api.github.com/repos/torvalds/linux/git/commits/763f527b68c6b026439f0b12ebe232d96b5563df;https://github.com/torvalds/linux/commit/763f527b68c6b026439f0b12ebe232d96b5563df
96;Remove useless type argument of driver .remove() operation;useless;https://api.github.com/repos/torvalds/linux/git/commits/51fac8388a0325a43f0ae67453ece2c373e2ec28;https://github.com/torvalds/linux/commit/51fac8388a0325a43f0ae67453ece2c373e2ec28
97;"The second argument of ACPI driver .remove() operation is only used by the ACPI processor driver
";the value passed to that driver through it is always available from the given struct acpi_device object's removal_type field;https://api.github.com/repos/torvalds/linux/git/commits/51fac8388a0325a43f0ae67453ece2c373e2ec28;https://github.com/torvalds/linux/commit/51fac8388a0325a43f0ae67453ece2c373e2ec28
98;drop the second ACPI driver .remove() argument  ;the second ACPI driver .remove() argument is in fact useless;https://api.github.com/repos/torvalds/linux/git/commits/51fac8388a0325a43f0ae67453ece2c373e2ec28;https://github.com/torvalds/linux/commit/51fac8388a0325a43f0ae67453ece2c373e2ec28
99;Fix unused function warnings for CONFIG_PM_SLEEP;unused function warnings;https://api.github.com/repos/torvalds/linux/git/commits/9069240480e24a2d6ce23404c9ad6cabf59b7258;https://github.com/torvalds/linux/commit/9069240480e24a2d6ce23404c9ad6cabf59b7258
100;add #ifdefs to prevent them from being built in that case  ;several suspend/resume functions in ACPI drivers are not used for CONFIG_PM_SLEEP unset;https://api.github.com/repos/torvalds/linux/git/commits/9069240480e24a2d6ce23404c9ad6cabf59b7258;https://github.com/torvalds/linux/commit/9069240480e24a2d6ce23404c9ad6cabf59b7258
101;remove unused procfs I/F;unused;https://api.github.com/repos/torvalds/linux/git/commits/912b7427fc13467bac042cc72f2eccbdbc39d773;https://github.com/torvalds/linux/commit/912b7427fc13467bac042cc72f2eccbdbc39d773
102;Remove unused ACPI button procfs interface;unused;https://api.github.com/repos/torvalds/linux/git/commits/912b7427fc13467bac042cc72f2eccbdbc39d773;https://github.com/torvalds/linux/commit/912b7427fc13467bac042cc72f2eccbdbc39d773
103;Avoid disabling wakeup unnecessarily on remove;-;https://api.github.com/repos/torvalds/linux/git/commits/c19f9a84ec807da57fd75bbd9a3f2b8269611f79;https://github.com/torvalds/linux/commit/c19f9a84ec807da57fd75bbd9a3f2b8269611f79
104;Use device wakeup flags for handling ACPI wakeup devices;for handling ACPI wakeup devices;https://api.github.com/repos/torvalds/linux/git/commits/f2b56bc808addb908a5bf435d9b942c02af9a7c4;https://github.com/torvalds/linux/commit/f2b56bc808addb908a5bf435d9b942c02af9a7c4
105;use standard device wakeup flags instead of the special ACPI flags for handling those devices;address this problem;https://api.github.com/repos/torvalds/linux/git/commits/f2b56bc808addb908a5bf435d9b942c02af9a7c4;https://github.com/torvalds/linux/commit/f2b56bc808addb908a5bf435d9b942c02af9a7c4
106;Use GPE reference counting to support shared GPEs  ;the wakeup enable mask bits of GPEs are set as soon as the GPEs are enabled to wake up the system;https://api.github.com/repos/torvalds/linux/git/commits/cb1cb1780f2025a7d612de09131bf6530f80fb1a;https://github.com/torvalds/linux/commit/cb1cb1780f2025a7d612de09131bf6530f80fb1a
107;it is sufficient to set/unset the wakeup mask bits for them during system sleep transitions;"this means that the reference counting of ""wakeup"" GPEs doesn't really make sense";https://api.github.com/repos/torvalds/linux/git/commits/cb1cb1780f2025a7d612de09131bf6530f80fb1a;https://github.com/torvalds/linux/commit/cb1cb1780f2025a7d612de09131bf6530f80fb1a
108;This will allow us to simplify the GPE handling code quite a bit;that change is too intrusive for 2.6.35;https://api.github.com/repos/torvalds/linux/git/commits/cb1cb1780f2025a7d612de09131bf6530f80fb1a;https://github.com/torvalds/linux/commit/cb1cb1780f2025a7d612de09131bf6530f80fb1a
109;Update gfp.h and slab.h includes  ;prepare for breaking implicit slab.h inclusion from percpu.h;https://api.github.com/repos/torvalds/linux/git/commits/5a0e3ad6af8660be21ca98a971cd00f331318c05;https://github.com/torvalds/linux/commit/5a0e3ad6af8660be21ca98a971cd00f331318c05
110;Prepare for this change by updating users of gfp and slab facilities;include those headers directly instead of assuming availability;https://api.github.com/repos/torvalds/linux/git/commits/5a0e3ad6af8660be21ca98a971cd00f331318c05;https://github.com/torvalds/linux/commit/5a0e3ad6af8660be21ca98a971cd00f331318c05
111;the following script is used as the basis of conversion;As this conversion needs to touch a large number of source files;https://api.github.com/repos/torvalds/linux/git/commits/5a0e3ad6af8660be21ca98a971cd00f331318c05;https://github.com/torvalds/linux/commit/5a0e3ad6af8660be21ca98a971cd00f331318c05
112;only the necessary includes are there;necessary;https://api.github.com/repos/torvalds/linux/git/commits/5a0e3ad6af8660be21ca98a971cd00f331318c05;https://github.com/torvalds/linux/commit/5a0e3ad6af8660be21ca98a971cd00f331318c05
113;put the new include  ;its order conforms to its surrounding;https://api.github.com/repos/torvalds/linux/git/commits/5a0e3ad6af8660be21ca98a971cd00f331318c05;https://github.com/torvalds/linux/commit/5a0e3ad6af8660be21ca98a971cd00f331318c05
114;prints out an error message indicating which .h file needs to be added to the file;the file doesn't have fitting include block;https://api.github.com/repos/torvalds/linux/git/commits/5a0e3ad6af8660be21ca98a971cd00f331318c05;https://github.com/torvalds/linux/commit/5a0e3ad6af8660be21ca98a971cd00f331318c05
116;The script was run again  ;to make sure no file was left behind;https://api.github.com/repos/torvalds/linux/git/commits/5a0e3ad6af8660be21ca98a971cd00f331318c05;https://github.com/torvalds/linux/commit/5a0e3ad6af8660be21ca98a971cd00f331318c05
118;The script was run on all .h files but without automatically editing them;sprinkling gfp.h and slab.h inclusions around .h files could easily lead to inclusion dependency hell;https://api.github.com/repos/torvalds/linux/git/commits/5a0e3ad6af8660be21ca98a971cd00f331318c05;https://github.com/torvalds/linux/commit/5a0e3ad6af8660be21ca98a971cd00f331318c05
119;Most gfp.h inclusion directives were ignored  ;stuff from gfp.h was usually wildly available and often used in preprocessor macros;https://api.github.com/repos/torvalds/linux/git/commits/5a0e3ad6af8660be21ca98a971cd00f331318c05;https://github.com/torvalds/linux/commit/5a0e3ad6af8660be21ca98a971cd00f331318c05
120;description of the patch behaviour;an action or a change;https://api.github.com/repos/torvalds/linux/git/commits/5a0e3ad6af8660be21ca98a971cd00f331318c05;https://github.com/torvalds/linux/commit/5a0e3ad6af8660be21ca98a971cd00f331318c05
121;failures were fixed;Build tests were done on the following configurations;https://api.github.com/repos/torvalds/linux/git/commits/5a0e3ad6af8660be21ca98a971cd00f331318c05;https://github.com/torvalds/linux/commit/5a0e3ad6af8660be21ca98a971cd00f331318c05
122;CONFIG_GCOV_KERNEL was turned off for all tests and a few more options had to be turned off depending on archs to make things build;my distributed build env didn't work with gcov compiles, like ipr on powerpc/64 which failed due to missing writeq;https://api.github.com/repos/torvalds/linux/git/commits/5a0e3ad6af8660be21ca98a971cd00f331318c05;https://github.com/torvalds/linux/commit/5a0e3ad6af8660be21ca98a971cd00f331318c05
123;percpu.h modifications were reverted  ;so that it could be applied as a separate patch and serve as bisection point;https://api.github.com/repos/torvalds/linux/git/commits/5a0e3ad6af8660be21ca98a971cd00f331318c05;https://github.com/torvalds/linux/commit/5a0e3ad6af8660be21ca98a971cd00f331318c05
124;I'm fairly confident about the coverage of this conversion patch  ;Given the fact that I had only a couple of failures from tests on step 6;https://api.github.com/repos/torvalds/linux/git/commits/5a0e3ad6af8660be21ca98a971cd00f331318c05;https://github.com/torvalds/linux/commit/5a0e3ad6af8660be21ca98a971cd00f331318c05
125;Add more run-time wake-up fields;Add more;https://api.github.com/repos/torvalds/linux/git/commits/f517709d65beed95f52f021b43e3035b52ef791a;https://github.com/torvalds/linux/commit/f517709d65beed95f52f021b43e3035b52ef791a
126;Introduce a new wake-up flag, always_enabled, for marking devices that should be permanently enabled to generate run-time events  ;devices that should be permanently enabled to generate run-time events;https://api.github.com/repos/torvalds/linux/git/commits/f517709d65beed95f52f021b43e3035b52ef791a;https://github.com/torvalds/linux/commit/f517709d65beed95f52f021b43e3035b52ef791a
127;Introduce a reference counter for run-wake devices and a function that will initialize all of the run-time wake-up fields for given device.;-;https://api.github.com/repos/torvalds/linux/git/commits/f517709d65beed95f52f021b43e3035b52ef791a;https://github.com/torvalds/linux/commit/f517709d65beed95f52f021b43e3035b52ef791a
128;Add an API to allow devices to indicate whether or not they want their device's GPE to be enabled for both runtime and wakeup events;to allow devices to indicate whether or not they want their device's GPE to be enabled;https://api.github.com/repos/torvalds/linux/git/commits/9630bdd9b15d2f489c646d8bc04b60e53eb5ec78;https://github.com/torvalds/linux/commit/9630bdd9b15d2f489c646d8bc04b60e53eb5ec78
129;Remove the old GPE type handling entirely  ;Gets rid of various quirks, like the implicit disabling with GPE type setting;https://api.github.com/repos/torvalds/linux/git/commits/9630bdd9b15d2f489c646d8bc04b60e53eb5ec78;https://github.com/torvalds/linux/commit/9630bdd9b15d2f489c646d8bc04b60e53eb5ec78
130;complain the following warning message;"will

";https://api.github.com/repos/torvalds/linux/git/commits/13c199c0d0cf78b27592991129fb8cbcfc5164de;https://github.com/torvalds/linux/commit/13c199c0d0cf78b27592991129fb8cbcfc5164de
131;"This patch is to eliminate the above warning message
";Device PNP0C0D:00 failed to resume: error 1;https://api.github.com/repos/torvalds/linux/git/commits/13c199c0d0cf78b27592991129fb8cbcfc5164de;https://github.com/torvalds/linux/commit/13c199c0d0cf78b27592991129fb8cbcfc5164de
132;don't try to use a non-existent lid device;non-existent;https://api.github.com/repos/torvalds/linux/git/commits/2c907b72db4dd4e8af6dccb6e0ac122d78627b8d;https://github.com/torvalds/linux/commit/2c907b72db4dd4e8af6dccb6e0ac122d78627b8d
133;return -ENODEV;there's no lid device present;https://api.github.com/repos/torvalds/linux/git/commits/2c907b72db4dd4e8af6dccb6e0ac122d78627b8d;https://github.com/torvalds/linux/commit/2c907b72db4dd4e8af6dccb6e0ac122d78627b8d
134;Some drivers need to know when a lid event occurs and get the current status;-;https://api.github.com/repos/torvalds/linux/git/commits/7e12715ecc47a8a59154afe2746e48998225bb69;https://github.com/torvalds/linux/commit/7e12715ecc47a8a59154afe2746e48998225bb69
135;not all ACPI drivers use/want it;they should not have to #undef PREFIX to define their own;https://api.github.com/repos/torvalds/linux/git/commits/a192a9580bcc41692be1f36b77c3b681827f566a;https://github.com/torvalds/linux/commit/a192a9580bcc41692be1f36b77c3b681827f566a
136;whitespace fix  ;This does not change any actual console output;https://api.github.com/repos/torvalds/linux/git/commits/a192a9580bcc41692be1f36b77c3b681827f566a;https://github.com/torvalds/linux/commit/a192a9580bcc41692be1f36b77c3b681827f566a
139;we could install either a fixed event handler or a notify handler, but the Linux/ACPI code now handles that for us;We previously needed that so we don't need to worry about it;https://api.github.com/repos/torvalds/linux/git/commits/d68b597c883cf863c7216564cae08a4730d56cc1;https://github.com/torvalds/linux/commit/d68b597c883cf863c7216564cae08a4730d56cc1
141;type: Power Button;I don't think there's anything meaningful user-space can do by knowing whether a button is a control method or a fixed hardware button;https://api.github.com/repos/torvalds/linux/git/commits/d68b597c883cf863c7216564cae08a4730d56cc1;https://github.com/torvalds/linux/commit/d68b597c883cf863c7216564cae08a4730d56cc1
142;Remove button->device pointer;button;https://api.github.com/repos/torvalds/linux/git/commits/106c19e7b978e1b84ea5cabbd470a0ddced577c8;https://github.com/torvalds/linux/commit/106c19e7b978e1b84ea5cabbd470a0ddced577c8
143;We no longer need a pointer from struct acpi_button back to the struct acpi_device;no longer need;https://api.github.com/repos/torvalds/linux/git/commits/106c19e7b978e1b84ea5cabbd470a0ddced577c8;https://github.com/torvalds/linux/commit/106c19e7b978e1b84ea5cabbd470a0ddced577c8
145;This patch adds temporaries to cache the acpi_device_hid(), acpi_device_name(), and acpi_device_class() pointers;so we don't have to clutter the code with so many uses of those interfaces;https://api.github.com/repos/torvalds/linux/git/commits/bf04a77227db76f163bc2355ef4e176794987be2;https://github.com/torvalds/linux/commit/bf04a77227db76f163bc2355ef4e176794987be2
146;Better to oops and learn about a bug;than to silently cover it up;https://api.github.com/repos/torvalds/linux/git/commits/e2fb9754d27513918a4936e8cbaad50ff56cfd3d;https://github.com/torvalds/linux/commit/e2fb9754d27513918a4936e8cbaad50ff56cfd3d
147;changes a bit of whitespace to follow Linux conventions;follow Linux conventions;https://api.github.com/repos/torvalds/linux/git/commits/50a4da890102a455e5cd3dd358c38650d07178d3;https://github.com/torvalds/linux/commit/50a4da890102a455e5cd3dd358c38650d07178d3
148;use .notify method instead of installing handler directly  ;-;https://api.github.com/repos/torvalds/linux/git/commits/373cfc360ec773be2f7615e59a19f3313255db7c;https://github.com/torvalds/linux/commit/373cfc360ec773be2f7615e59a19f3313255db7c
149;The presence of .notify() causes Linux/ACPI to manage event handlers and notify handlers on our behalf  ;so we don't have to install and remove them ourselves;https://api.github.com/repos/torvalds/linux/git/commits/373cfc360ec773be2f7615e59a19f3313255db7c;https://github.com/torvalds/linux/commit/373cfc360ec773be2f7615e59a19f3313255db7c
150;convert that back to ACPI_BUTTON_NOTIFY_STATUS;to preserve user-space backward compatibility;https://api.github.com/repos/torvalds/linux/git/commits/373cfc360ec773be2f7615e59a19f3313255db7c;https://github.com/torvalds/linux/commit/373cfc360ec773be2f7615e59a19f3313255db7c
152;Setting ->owner as done currently (pde->owner = THIS_MODULE) is racy;as correctly noted at bug #12454;https://api.github.com/repos/torvalds/linux/git/commits/99b76233803beab302123d243eea9e41149804f3;https://github.com/torvalds/linux/commit/99b76233803beab302123d243eea9e41149804f3
153;leave ->owner as easy-manipulative field;somebody will forget to unpin previous/pin current module when switching ->owner;https://api.github.com/repos/torvalds/linux/git/commits/99b76233803beab302123d243eea9e41149804f3;https://github.com/torvalds/linux/commit/99b76233803beab302123d243eea9e41149804f3
154;"proc_fops is declared as ""const""";should give some thoughts;https://api.github.com/repos/torvalds/linux/git/commits/99b76233803beab302123d243eea9e41149804f3;https://github.com/torvalds/linux/commit/99b76233803beab302123d243eea9e41149804f3
155;"rmmod'ed directories will be empty and return ""."" and "".."" -- no harm";no harm;https://api.github.com/repos/torvalds/linux/git/commits/99b76233803beab302123d243eea9e41149804f3;https://github.com/torvalds/linux/commit/99b76233803beab302123d243eea9e41149804f3
156;don't want such modular code;definitely;https://api.github.com/repos/torvalds/linux/git/commits/99b76233803beab302123d243eea9e41149804f3;https://github.com/torvalds/linux/commit/99b76233803beab302123d243eea9e41149804f3
158;start using GPE from userspace;GPE is already disabled in interrupt context;https://api.github.com/repos/torvalds/linux/git/commits/0b7084ac67fb84f0cf2f8bc02d7e0dea8521dd2d;https://github.com/torvalds/linux/commit/0b7084ac67fb84f0cf2f8bc02d7e0dea8521dd2d
159;Move all the component definitions for drivers to a single shared place, include/acpi/acpi_drivers.h  ;to have a single shared place;https://api.github.com/repos/torvalds/linux/git/commits/89595b8f2850a080d290bf778ec933ea1d99f78e;https://github.com/torvalds/linux/commit/89595b8f2850a080d290bf778ec933ea1d99f78e
160;"verify by using ""input-events"" from input-utils and just closing and opening the lid";easy;https://api.github.com/repos/torvalds/linux/git/commits/df316e939100e789b3c5d4d102619ccf5834bd00;https://github.com/torvalds/linux/commit/df316e939100e789b3c5d4d102619ccf5834bd00
161;Change the argument to take a pointer to an acpi_integer;support 64-bit integers on all platforms;https://api.github.com/repos/torvalds/linux/git/commits/27663c5855b10af9ec67bc7dfba001426ba21222;https://github.com/torvalds/linux/commit/27663c5855b10af9ec67bc7dfba001426ba21222
162;use non-racy method for proc entries creation;reduce race conditions in proc entries creation;https://api.github.com/repos/torvalds/linux/git/commits/cf7acfab032ff262f42954328cdfd20a5d9aaaac;https://github.com/torvalds/linux/commit/cf7acfab032ff262f42954328cdfd20a5d9aaaac
163;Use proc_create()/proc_create_data() to make sure that ->proc_fops and ->data be setup;before gluing PDE to main tree;https://api.github.com/repos/torvalds/linux/git/commits/cf7acfab032ff262f42954328cdfd20a5d9aaaac;https://github.com/torvalds/linux/commit/cf7acfab032ff262f42954328cdfd20a5d9aaaac
164;Add correct ->owner to proc_fops to fix reading/module unloading race  ;fix reading/module unloading race;https://api.github.com/repos/torvalds/linux/git/commits/cf7acfab032ff262f42954328cdfd20a5d9aaaac;https://github.com/torvalds/linux/commit/cf7acfab032ff262f42954328cdfd20a5d9aaaac
165;get rid of input BIT* duplicate defines;duplicate;https://api.github.com/repos/torvalds/linux/git/commits/7b19ada2ed3c1eccb9fe94d74b05e1428224663d;https://github.com/torvalds/linux/commit/7b19ada2ed3c1eccb9fe94d74b05e1428224663d
166;Also remove includes of input.h from non-input sources only for BIT macro definition;non-input sources, BIT macro definition;https://api.github.com/repos/torvalds/linux/git/commits/7b19ada2ed3c1eccb9fe94d74b05e1428224663d;https://github.com/torvalds/linux/commit/7b19ada2ed3c1eccb9fe94d74b05e1428224663d
167;Define the macro temporarily in a local manner;all those local definitions will be removed further in this patchset (to not break bisecting);https://api.github.com/repos/torvalds/linux/git/commits/7b19ada2ed3c1eccb9fe94d74b05e1428224663d;https://github.com/torvalds/linux/commit/7b19ada2ed3c1eccb9fe94d74b05e1428224663d
169;Re-name acpi_bus_generate_event() to acpi_bus_generate_proc_event()  ;to make sure there is no confusion that it is for /proc/acpi/event only;https://api.github.com/repos/torvalds/linux/git/commits/14e04fb34ffa82ee61ae69f98d8fca12d2e8e31c;https://github.com/torvalds/linux/commit/14e04fb34ffa82ee61ae69f98d8fca12d2e8e31c
170;Add CONFIG_ACPI_PROC_EVENT to allow removal of /proc/acpi/event;to allow removal of /proc/acpi/event;https://api.github.com/repos/torvalds/linux/git/commits/14e04fb34ffa82ee61ae69f98d8fca12d2e8e31c;https://github.com/torvalds/linux/commit/14e04fb34ffa82ee61ae69f98d8fca12d2e8e31c
173;fix acpi_driver.name usage;fix;https://api.github.com/repos/torvalds/linux/git/commits/c2b6705b75d9c7aff98a4602a32230639e10891c;https://github.com/torvalds/linux/commit/c2b6705b75d9c7aff98a4602a32230639e10891c
174;ls bus/acpi/drivers  ;Display the list of ACPI drivers.;https://api.github.com/repos/torvalds/linux/git/commits/c2b6705b75d9c7aff98a4602a32230639e10891c;https://github.com/torvalds/linux/commit/c2b6705b75d9c7aff98a4602a32230639e10891c
176;"Make ""module name"" actually match the file name";cosmetic only;https://api.github.com/repos/torvalds/linux/git/commits/f52fd66d2ea794010c2d7536cf8e6abed0ac4947;https://github.com/torvalds/linux/commit/f52fd66d2ea794010c2d7536cf8e6abed0ac4947
177;"Invoke with ';' as leaving it off confuses Lindent  ";gcc doesn't care;https://api.github.com/repos/torvalds/linux/git/commits/f52fd66d2ea794010c2d7536cf8e6abed0ac4947;https://github.com/torvalds/linux/commit/f52fd66d2ea794010c2d7536cf8e6abed0ac4947
178;Fix indentation where Lindent did get confused  ;Lindent did get confused;https://api.github.com/repos/torvalds/linux/git/commits/f52fd66d2ea794010c2d7536cf8e6abed0ac4947;https://github.com/torvalds/linux/commit/f52fd66d2ea794010c2d7536cf8e6abed0ac4947
181;remove unnecessary casts and variable initializations, clean up formatting;unnecessary;https://api.github.com/repos/torvalds/linux/git/commits/c0968f0ea21d10b6720246e1e96bd6a7a161964d;https://github.com/torvalds/linux/commit/c0968f0ea21d10b6720246e1e96bd6a7a161964d
182;Remove unneeded acpi_handle from driver;unneeded;https://api.github.com/repos/torvalds/linux/git/commits/6c689537726ec665246d2f60c48475be2efac2d0;https://github.com/torvalds/linux/commit/6c689537726ec665246d2f60c48475be2efac2d0
183;Use acpi_device's handle instead of driver's  ;-;https://api.github.com/repos/torvalds/linux/git/commits/27b1d3e85b1dfd9037d3fbb98b2e2aacca01da39;https://github.com/torvalds/linux/commit/27b1d3e85b1dfd9037d3fbb98b2e2aacca01da39
184;un-export ACPI_ERROR() -- use printk(KERN_ERR...);use printk(KERN_ERR...);https://api.github.com/repos/torvalds/linux/git/commits/6468463abd7051fcc29f3ee7c931f9bbbb26f5a4;https://github.com/torvalds/linux/commit/6468463abd7051fcc29f3ee7c931f9bbbb26f5a4
186;restore /proc/acpi/button/ (ala 2.6.12)  ;[ACPI];https://api.github.com/repos/torvalds/linux/git/commits/b34a8030eeab4d59dcdd86de38f6927b9edd441f;https://github.com/torvalds/linux/commit/b34a8030eeab4d59dcdd86de38f6927b9edd441f
190;"Create a separate ""historical"" git archive";about 3.2GB when imported into git - space that would just make the early git days unnecessarily complicated;https://api.github.com/repos/torvalds/linux/git/commits/1da177e4c3f41524e886b7f1b8a0c1fc7321cac2;https://github.com/torvalds/linux/commit/1da177e4c3f41524e886b7f1b8a0c1fc7321cac2
